Track ID,Tracks,Artists,Albums,danceability,energy,key,loudness,mode,speechiness,acousticness,instrumentalness,liveness,valence,tempo
6Ozh9Ok6h4Oi1wUSLtBseN,BOP,DaBaby,KIRK,0.769,0.787,11,-3.909,1,0.367,0.189,0.0,0.129,0.836,126.77
6Ozh9Ok6h4Oi1wUSLtBseN,BOP,DaBaby,KIRK,0.769,0.787,11,-3.909,1,0.367,0.189,0.0,0.129,0.836,126.77
3jGYpYY6jm48GArqKDnuwG,Fuck It Off (feat. Chris Brown),Tee Grizzley,Activated,0.801,0.578,1,-7.148,1,0.201,0.0728,0.0,0.185,0.126,100.032
1Jl21sidRpEdlVBvYbssLx,Sin (feat. Jaden Smith),Young Thug,On The Rvn,0.889,0.385,11,-11.767,0,0.165,0.00544,0.0,0.274,0.235,125.995
6Ozh9Ok6h4Oi1wUSLtBseN,BOP,DaBaby,KIRK,0.769,0.787,11,-3.909,1,0.367,0.189,0.0,0.129,0.836,126.77
1Jl21sidRpEdlVBvYbssLx,Sin (feat. Jaden Smith),Young Thug,On The Rvn,0.889,0.385,11,-11.767,0,0.165,0.00544,0.0,0.274,0.235,125.995
1IAzD1muglOxOcPbUHs70R,Whatever You Like,T.I.,Paper Trail,0.68,0.687,9,-6.162,0,0.0709,0.0161,0.0,0.261,0.467,150.053
6Ozh9Ok6h4Oi1wUSLtBseN,BOP,DaBaby,KIRK,0.769,0.787,11,-3.909,1,0.367,0.189,0.0,0.129,0.836,126.77
6Ozh9Ok6h4Oi1wUSLtBseN,BOP,DaBaby,KIRK,0.769,0.787,11,-3.909,1,0.367,0.189,0.0,0.129,0.836,126.77
0fySG6A6qLE8IvDpayb5bM,VIBEZ,DaBaby,KIRK,0.768,0.652,1,-2.708,0,0.307,0.113,0.0,0.107,0.777,154.187
6Ozh9Ok6h4Oi1wUSLtBseN,BOP,DaBaby,KIRK,0.769,0.787,11,-3.909,1,0.367,0.189,0.0,0.129,0.836,126.77
6JpN5w95em8SODPiM7W2PH,The Story of O.J.,JAY-Z,4:44,0.741,0.718,7,-5.823,1,0.415,0.283,2.21e-06,0.23,0.576,165.848
35srNkJVToAzYiZzron1FY,Young Forever,JAY-Z,The Blueprint 3,0.637,0.69,9,-3.214,0,0.0693,0.417,0.0,0.211,0.103,140.329
6LxEtvMKSwmPdd5Fh1PCof,Young Dumb & Broke REMIX,Khalid,Young Dumb & Broke REMIX,0.795,0.56,1,-5.773,1,0.0479,0.184,0.0,0.158,0.459,136.988
5uu28fUesZMl89lf9CLrgN,Feels Great (feat. Fetty Wap & CVBZ),Cheat Codes,Feels Great (feat. Fetty Wap & CVBZ),0.522,0.833,0,-3.715,1,0.0575,0.0454,0.0,0.127,0.296,180.009
6LxEtvMKSwmPdd5Fh1PCof,Young Dumb & Broke REMIX,Khalid,Young Dumb & Broke REMIX,0.795,0.56,1,-5.773,1,0.0479,0.184,0.0,0.158,0.459,136.988
7Haw35LoOZOiKUyvJASS6K,I Got Now,BrvndonP,I Got Now,0.764,0.658,11,-4.047,0,0.0757,0.536,3.8e-06,0.0663,0.682,136.952
3UmaczJpikHgJFyBTAJVoz,Stan,Eminem,The Marshall Mathers LP,0.78,0.768,6,-4.325,0,0.238,0.0371,2.34e-06,0.518,0.507,80.063
2ZLSnT49tvHVEhrhsrw483,Frostbite (Remix) (feat. Offset & Rich The Kid),Preme,Frostbite (Remix) (feat. Offset & Rich The Kid),0.958,0.705,1,-4.916,1,0.167,0.204,2.02e-05,0.115,0.516,124.997
1Jl21sidRpEdlVBvYbssLx,Sin (feat. Jaden Smith),Young Thug,On The Rvn,0.889,0.385,11,-11.767,0,0.165,0.00544,0.0,0.274,0.235,125.995
14mHfNsSHN0FbLftyjrV9g,Leave Me Alone,Flipp Dinero,Leave Me Alone,0.792,0.743,7,-2.806,1,0.0851,0.107,0.0,0.183,0.742,150.024
2GyYEekbHauEVHmtyi8AXL,The Story Of Adidon (Remix),Ombre2Choc Nation,The Story Of Adidon (Remix),0.478,0.735,0,-4.786,1,0.482,0.598,0.0,0.107,0.625,76.237
2GyYEekbHauEVHmtyi8AXL,The Story Of Adidon (Remix),Ombre2Choc Nation,The Story Of Adidon (Remix),0.478,0.735,0,-4.786,1,0.482,0.598,0.0,0.107,0.625,76.237
35srNkJVToAzYiZzron1FY,Young Forever,JAY-Z,The Blueprint 3,0.637,0.69,9,-3.214,0,0.0693,0.417,0.0,0.211,0.103,140.329
5FEXPoPnzueFJQCPRIrC3c,Day 'N' Nite (nightmare),Kid Cudi,Man On The Moon: The End Of Day,0.871,0.44,11,-6.25,0,0.0761,0.499,4.15e-06,0.114,0.799,137.996
5ljCWsDlSyJ41kwqym2ORw,03' Bonnie & Clyde,JAY-Z,The Blueprint 2 The Gift & The Curse,0.759,0.675,9,-5.148,0,0.313,0.228,0.0,0.15,0.328,89.642
5ljCWsDlSyJ41kwqym2ORw,03' Bonnie & Clyde,JAY-Z,The Blueprint 2 The Gift & The Curse,0.759,0.675,9,-5.148,0,0.313,0.228,0.0,0.15,0.328,89.642
35srNkJVToAzYiZzron1FY,Young Forever,JAY-Z,The Blueprint 3,0.637,0.69,9,-3.214,0,0.0693,0.417,0.0,0.211,0.103,140.329
35srNkJVToAzYiZzron1FY,Young Forever,JAY-Z,The Blueprint 3,0.637,0.69,9,-3.214,0,0.0693,0.417,0.0,0.211,0.103,140.329
63BcfK6YAzJYeISaTPr6IO,Big Poppa - 2007 Remaster,The Notorious B.I.G.,Greatest Hits,0.765,0.671,9,-5.249,0,0.278,0.344,0.0,0.0506,0.798,84.5
7ycWLEP1GsNjVvcjawXz3z,Praise The Lord (Da Shine) (feat. Skepta),A$AP Rocky,TESTING,0.85,0.569,5,-8.152,0,0.136,0.0609,0.0816,0.1,0.294,80.02
0OgGn1ofaj55l2PcihQQGV,Drew Barrymore,Bryce Vine,Drew Barrymore,0.758,0.574,11,-6.889,0,0.0572,0.46,0.00272,0.102,0.261,151.985
6UjZ2Yx2g2a52XxiA8ONxZ,Outnumbered,Dermot Kennedy,Outnumbered,0.614,0.684,0,-5.79,1,0.157,0.247,0.0,0.0976,0.258,156.85
4RVbK6cV0VqWdpCDcx3hiT,Reborn,KIDS SEE GHOSTS,KIDS SEE GHOSTS,0.585,0.597,0,-7.499,1,0.037,0.339,0.0404,0.195,0.227,100.051
78QR3Wp35dqAhFEc2qAGjE,Drip Too Hard (Lil Baby & Gunna),Lil Baby,Drip Harder,0.897,0.662,1,-6.903,0,0.292,0.0852,0.0,0.534,0.389,112.511
028JxheELfIvvY4zBXuMjw,Heartless (feat. Mustard),Polo G,Heartless (feat. Mustard),0.776,0.64,7,-8.058,1,0.183,0.15,0.0,0.0983,0.326,160.038
3to5UxKsozb4T6CfwHuhLJ,Kamikaze,Lil Mosey,Northsbest (Extended),0.792,0.571,8,-7.539,0,0.094,0.301,0.0,0.1,0.556,99.999
696DnlkuDOXcMAnKlTgXXK,ROXANNE,Arizona Zervas,ROXANNE,0.621,0.601,6,-5.616,0,0.148,0.0522,0.0,0.46,0.457,116.735
4RVbK6cV0VqWdpCDcx3hiT,Reborn,KIDS SEE GHOSTS,KIDS SEE GHOSTS,0.585,0.597,0,-7.499,1,0.037,0.339,0.0404,0.195,0.227,100.051
4RVbK6cV0VqWdpCDcx3hiT,Reborn,KIDS SEE GHOSTS,KIDS SEE GHOSTS,0.585,0.597,0,-7.499,1,0.037,0.339,0.0404,0.195,0.227,100.051
4RVbK6cV0VqWdpCDcx3hiT,Reborn,KIDS SEE GHOSTS,KIDS SEE GHOSTS,0.585,0.597,0,-7.499,1,0.037,0.339,0.0404,0.195,0.227,100.051
4RVbK6cV0VqWdpCDcx3hiT,Reborn,KIDS SEE GHOSTS,KIDS SEE GHOSTS,0.585,0.597,0,-7.499,1,0.037,0.339,0.0404,0.195,0.227,100.051
6habFhsOp2NvshLv26DqMb,Despacito,Luis Fonsi,VIDA,0.655,0.797,2,-4.787,1,0.153,0.198,0.0,0.067,0.839,177.928
028JxheELfIvvY4zBXuMjw,Heartless (feat. Mustard),Polo G,Heartless (feat. Mustard),0.776,0.64,7,-8.058,1,0.183,0.15,0.0,0.0983,0.326,160.038
696DnlkuDOXcMAnKlTgXXK,ROXANNE,Arizona Zervas,ROXANNE,0.621,0.601,6,-5.616,0,0.148,0.0522,0.0,0.46,0.457,116.735
6habFhsOp2NvshLv26DqMb,Despacito,Luis Fonsi,VIDA,0.655,0.797,2,-4.787,1,0.153,0.198,0.0,0.067,0.839,177.928
5iwz1NiezX7WWjnCgY5TH4,Calma - Remix,Pedro Capó,Calma (Remix),0.826,0.773,11,-4.218,0,0.0524,0.323,0.0,0.143,0.761,126.899
028JxheELfIvvY4zBXuMjw,Heartless (feat. Mustard),Polo G,Heartless (feat. Mustard),0.776,0.64,7,-8.058,1,0.183,0.15,0.0,0.0983,0.326,160.038
6habFhsOp2NvshLv26DqMb,Despacito,Luis Fonsi,VIDA,0.655,0.797,2,-4.787,1,0.153,0.198,0.0,0.067,0.839,177.928
78QR3Wp35dqAhFEc2qAGjE,Drip Too Hard (Lil Baby & Gunna),Lil Baby,Drip Harder,0.897,0.662,1,-6.903,0,0.292,0.0852,0.0,0.534,0.389,112.511
